,iter,n_resources,mean_fit_time,std_fit_time,mean_score_time,std_score_time,param_alpha,param_loss,param_random_state,params,split0_test_score,split1_test_score,split2_test_score,split3_test_score,split4_test_score,mean_test_score,std_test_score,rank_test_score,split0_train_score,split1_train_score,split2_train_score,split3_train_score,split4_train_score,mean_train_score,std_train_score,model,param_C,param_solver
0,0,24,0.0007977008819580079,0.00039885050867510976,0.0005983352661132812,0.0004885387998700752,0.0001,hinge,42,"{'alpha': 0.0001, 'loss': 'hinge', 'random_state': 42}",1.0,1.0,0.8333333333333334,0.16666666666666669,0.75,0.75,0.30731814857642953,29,1.0,1.0,1.0,1.0,1.0,1.0,0.0,SGDClassifier,,
1,0,24,0.0007976531982421875,0.0003988268556689802,0.0005981922149658203,0.0004884219292923209,0.0001,log,42,"{'alpha': 0.0001, 'loss': 'log', 'random_state': 42}",1.0,1.0,0.8333333333333334,0.33333333333333337,1.0,0.8333333333333334,0.2581988897471611,2,1.0,1.0,1.0,1.0,1.0,1.0,0.0,SGDClassifier,,
2,0,24,0.0007977008819580079,0.0003988508507184162,0.000598287582397461,0.0004884997731965918,0.0001,modified_huber,42,"{'alpha': 0.0001, 'loss': 'modified_huber', 'random_state': 42}",1.0,1.0,0.8333333333333334,0.0,1.0,0.7666666666666667,0.38873012632302,24,1.0,1.0,1.0,1.0,1.0,1.0,0.0,SGDClassifier,,
3,0,24,0.0009972572326660157,5.519789172549356e-07,0.0006008625030517578,0.0004906242935385238,0.0001,squared_hinge,42,"{'alpha': 0.0001, 'loss': 'squared_hinge', 'random_state': 42}",1.0,1.0,0.5,0.33333333333333337,0.75,0.7166666666666667,0.26666666666666666,35,1.0,1.0,1.0,1.0,1.0,1.0,0.0,SGDClassifier,,
4,0,24,0.0009963512420654297,2.1536998349449566e-06,0.0005984783172607421,0.0004886556936796731,0.0001,perceptron,42,"{'alpha': 0.0001, 'loss': 'perceptron', 'random_state': 42}",1.0,1.0,0.8333333333333334,0.33333333333333337,0.75,0.7833333333333334,0.2449489742783178,14,1.0,1.0,1.0,1.0,1.0,1.0,0.0,SGDClassifier,,
5,0,24,0.000997638702392578,0.0006306759837484584,0.0005984306335449219,0.000488616573967537,0.001,hinge,42,"{'alpha': 0.001, 'loss': 'hinge', 'random_state': 42}",1.0,1.0,0.8333333333333334,0.16666666666666669,0.75,0.75,0.30731814857642953,29,1.0,1.0,1.0,1.0,1.0,1.0,0.0,SGDClassifier,,
6,0,24,0.00079803466796875,0.0003990175049345624,0.0007977962493896484,0.00039889824938326134,0.001,log,42,"{'alpha': 0.001, 'loss': 'log', 'random_state': 42}",1.0,1.0,0.8333333333333334,0.33333333333333337,1.0,0.8333333333333334,0.2581988897471611,2,1.0,1.0,1.0,1.0,1.0,1.0,0.0,SGDClassifier,,
7,0,24,0.0005984783172607421,0.0004886555308230838,0.0009973526000976562,9.536743164062499e-08,0.001,modified_huber,42,"{'alpha': 0.001, 'loss': 'modified_huber', 'random_state': 42}",1.0,1.0,0.8333333333333334,0.0,1.0,0.7666666666666667,0.38873012632302,24,1.0,1.0,1.0,1.0,1.0,1.0,0.0,SGDClassifier,,
8,0,24,0.0008019447326660156,0.0004011613923325139,0.0005940914154052735,0.0004851368852855145,0.001,squared_hinge,42,"{'alpha': 0.001, 'loss': 'squared_hinge', 'random_state': 42}",0.75,1.0,0.8333333333333334,0.16666666666666669,1.0,0.75,0.30731814857642953,29,1.0,1.0,1.0,1.0,1.0,1.0,0.0,SGDClassifier,,
9,0,24,0.0007921218872070313,0.0003962413095616398,0.0005983829498291016,0.0004885777256966609,0.001,perceptron,42,"{'alpha': 0.001, 'loss': 'perceptron', 'random_state': 42}",1.0,1.0,0.8333333333333334,0.33333333333333337,0.75,0.7833333333333334,0.2449489742783178,14,1.0,1.0,1.0,1.0,1.0,1.0,0.0,SGDClassifier,,
10,0,24,0.0005996227264404297,0.0004895922358028633,0.0007972240447998047,0.0003986163111732694,0.01,hinge,42,"{'alpha': 0.01, 'loss': 'hinge', 'random_state': 42}",1.0,1.0,0.8333333333333334,0.16666666666666669,1.0,0.8,0.32317865716108857,8,1.0,1.0,1.0,1.0,1.0,1.0,0.0,SGDClassifier,,
11,0,24,0.0007976531982421875,0.00039882942113876764,0.0005992412567138672,0.0004892792969745832,0.01,log,42,"{'alpha': 0.01, 'loss': 'log', 'random_state': 42}",0.75,1.0,0.8333333333333334,0.33333333333333337,1.0,0.7833333333333334,0.2449489742783178,14,1.0,1.0,1.0,1.0,1.0,1.0,0.0,SGDClassifier,,
12,0,24,0.0007925987243652344,0.00039645310961710284,0.0006048202514648438,0.0004939254677341829,0.01,modified_huber,42,"{'alpha': 0.01, 'loss': 'modified_huber', 'random_state': 42}",1.0,1.0,0.8333333333333334,0.0,1.0,0.7666666666666667,0.38873012632302,24,1.0,1.0,1.0,1.0,1.0,1.0,0.0,SGDClassifier,,
13,0,24,0.0009916305541992187,0.0006307487476661279,0.000798177719116211,0.0003994241021495841,0.01,squared_hinge,42,"{'alpha': 0.01, 'loss': 'squared_hinge', 'random_state': 42}",1.0,1.0,1.0,0.33333333333333337,1.0,0.8666666666666668,0.26666666666666666,1,1.0,1.0,1.0,1.0,1.0,1.0,0.0,SGDClassifier,,
14,0,24,0.0007917881011962891,0.0003960128149159852,0.0005981922149658203,0.0004884220922268009,0.01,perceptron,42,"{'alpha': 0.01, 'loss': 'perceptron', 'random_state': 42}",1.0,1.0,0.8333333333333334,0.33333333333333337,0.75,0.7833333333333334,0.2449489742783178,14,1.0,1.0,1.0,1.0,1.0,1.0,0.0,SGDClassifier,,
15,0,24,0.0007979393005371094,0.00039896966451610907,0.0005983352661132812,0.0004885387067869067,0.1,hinge,42,"{'alpha': 0.1, 'loss': 'hinge', 'random_state': 42}",0.75,1.0,0.8333333333333334,0.33333333333333337,1.0,0.7833333333333334,0.2449489742783178,14,1.0,1.0,1.0,1.0,1.0,1.0,0.0,SGDClassifier,,
16,0,24,0.000997161865234375,1.1680077279964343e-07,0.0005983352661132812,0.0004885387067869067,0.1,log,42,"{'alpha': 0.1, 'loss': 'log', 'random_state': 42}",1.0,1.0,0.8333333333333334,0.33333333333333337,1.0,0.8333333333333334,0.2581988897471611,2,1.0,1.0,0.9166666666666667,0.9375,0.9444444444444444,0.9597222222222224,0.034133904798456946,SGDClassifier,,
17,0,24,0.0009975433349609375,6.217195897295617e-07,0.0005981922149658203,0.0004884229767273161,0.1,modified_huber,42,"{'alpha': 0.1, 'loss': 'modified_huber', 'random_state': 42}",0.75,1.0,0.8333333333333334,0.16666666666666669,1.0,0.75,0.30731814857642953,29,1.0,1.0,1.0,1.0,1.0,1.0,0.0,SGDClassifier,,
18,0,24,0.000797891616821289,0.00039894581909694896,0.00059814453125,0.0004883831819295363,0.1,squared_hinge,42,"{'alpha': 0.1, 'loss': 'squared_hinge', 'random_state': 42}",1.0,1.0,0.8333333333333334,0.33333333333333337,1.0,0.8333333333333334,0.2581988897471611,2,1.0,1.0,0.9166666666666667,1.0,1.0,0.9833333333333334,0.033333333333333305,SGDClassifier,,
19,0,24,0.0007976531982421875,0.00039882662762642264,0.0006000995635986328,0.0004899892884213488,0.1,perceptron,42,"{'alpha': 0.1, 'loss': 'perceptron', 'random_state': 42}",1.0,1.0,0.8333333333333334,0.33333333333333337,0.75,0.7833333333333334,0.2449489742783178,14,1.0,1.0,1.0,1.0,1.0,1.0,0.0,SGDClassifier,,
20,0,24,0.0009972095489501954,2.86102294921875e-07,0.0005982398986816406,0.0004884608551226126,1.0,hinge,42,"{'alpha': 1.0, 'loss': 'hinge', 'random_state': 42}",1.0,1.0,0.5,0.5,1.0,0.8,0.2449489742783178,8,0.9375,0.7857142857142857,0.5,0.8125,0.8333333333333333,0.7738095238095237,0.14625182906777245,SGDClassifier,,
21,0,24,0.0007999897003173828,0.0004000190756915657,0.0007994651794433593,0.0003997449470247231,1.0,log,42,"{'alpha': 1.0, 'loss': 'log', 'random_state': 42}",1.0,1.0,0.5,0.5,1.0,0.8,0.2449489742783178,8,0.875,0.7857142857142857,0.5833333333333334,0.8125,0.8888888888888888,0.7890873015873016,0.10975935104743118,SGDClassifier,,
22,0,24,0.0009995460510253905,4.84077793243808e-06,0.00039882659912109374,0.0004884608318481088,1.0,modified_huber,42,"{'alpha': 1.0, 'loss': 'modified_huber', 'random_state': 42}",1.0,1.0,0.8333333333333334,0.33333333333333337,1.0,0.8333333333333334,0.2581988897471611,2,1.0,1.0,0.9166666666666667,0.9375,0.9444444444444444,0.9597222222222224,0.034133904798456946,SGDClassifier,,
23,0,24,0.0007977962493896484,0.00039889824938326134,0.0005982398986816406,0.0004884608318481088,1.0,squared_hinge,42,"{'alpha': 1.0, 'loss': 'squared_hinge', 'random_state': 42}",0.75,1.0,0.8333333333333334,0.33333333333333337,1.0,0.7833333333333334,0.2449489742783178,14,1.0,1.0,1.0,1.0,0.9444444444444444,0.9888888888888889,0.022222222222222233,SGDClassifier,,
24,0,24,0.0005984306335449219,0.000488616573967537,0.0007977485656738281,0.00039887429708787493,1.0,perceptron,42,"{'alpha': 1.0, 'loss': 'perceptron', 'random_state': 42}",1.0,1.0,0.8333333333333334,0.33333333333333337,1.0,0.8333333333333334,0.2581988897471611,2,1.0,1.0,1.0,1.0,1.0,1.0,0.0,SGDClassifier,,
25,0,24,0.000997161865234375,3.8738433859996607e-07,0.0003989696502685547,0.0004886360388238481,10.0,hinge,42,"{'alpha': 10.0, 'loss': 'hinge', 'random_state': 42}",1.0,0.5,0.5,0.5,1.0,0.7,0.2449489742783178,37,0.8125,0.7857142857142857,0.5,0.75,0.8333333333333333,0.7363095238095237,0.12139938958406346,SGDClassifier,,
26,0,24,0.0009974956512451172,4.6231077741778654e-07,0.0007975578308105468,0.00039877898667711303,10.0,log,42,"{'alpha': 10.0, 'loss': 'log', 'random_state': 42}",1.0,0.5,0.5,0.5,1.0,0.7,0.2449489742783178,37,0.8125,0.7857142857142857,0.5,0.75,0.8888888888888888,0.7474206349206349,0.13186251782808373,SGDClassifier,,
27,0,24,0.0007945060729980469,0.00039730364463744423,0.0007977485656738281,0.00039887435409171316,10.0,modified_huber,42,"{'alpha': 10.0, 'loss': 'modified_huber', 'random_state': 42}",1.0,1.0,0.5,0.5,1.0,0.8,0.2449489742783178,8,0.875,0.7857142857142857,0.5833333333333334,0.8125,0.8888888888888888,0.7890873015873016,0.10975935104743118,SGDClassifier,,
28,0,24,0.0009972572326660157,2.78041453115716e-07,0.0005983352661132812,0.0004885387067869067,10.0,squared_hinge,42,"{'alpha': 10.0, 'loss': 'squared_hinge', 'random_state': 42}",1.0,1.0,0.5,0.5,1.0,0.8,0.2449489742783178,8,0.875,0.7857142857142857,0.5833333333333334,0.8125,0.8888888888888888,0.7890873015873016,0.10975935104743118,SGDClassifier,,
29,0,24,0.00079803466796875,0.000399017333984375,0.0005982398986816406,0.0004884610413186034,10.0,perceptron,42,"{'alpha': 10.0, 'loss': 'perceptron', 'random_state': 42}",0.5,1.0,0.8333333333333334,0.33333333333333337,0.75,0.6833333333333333,0.23804761428476165,43,1.0,1.0,1.0,1.0,0.9500000000000001,0.99,0.019999999999999976,SGDClassifier,,
30,0,24,0.0009972095489501954,0.0006309018835301464,0.0005982398986816406,0.0004884608551226126,100.0,hinge,42,"{'alpha': 100.0, 'loss': 'hinge', 'random_state': 42}",0.75,0.5,0.5,0.5,0.75,0.6,0.1224744871391589,57,0.75,0.7857142857142857,0.6666666666666666,0.8125,0.788888888888889,0.7607539682539682,0.051108338187621886,SGDClassifier,,
31,0,24,0.000797891616821289,0.0003989458760905677,0.0006001949310302735,0.0004900710822224405,100.0,log,42,"{'alpha': 100.0, 'loss': 'log', 'random_state': 42}",0.75,0.5,0.5,0.5,0.75,0.6,0.1224744871391589,57,0.75,0.7440476190476191,0.6666666666666666,0.8125,0.788888888888889,0.7524206349206348,0.049737658962528755,SGDClassifier,,
32,0,24,0.0005980968475341797,0.0004883443104360827,0.0007978439331054688,0.0003989220520482712,100.0,modified_huber,42,"{'alpha': 100.0, 'loss': 'modified_huber', 'random_state': 42}",0.75,1.0,0.5,0.5,0.75,0.7,0.18708286933869706,37,0.75,0.7440476190476191,0.6666666666666666,0.8125,0.788888888888889,0.7524206349206348,0.049737658962528755,SGDClassifier,,
33,0,24,0.0005984783172607421,0.0004886556006187716,0.0009972095489501954,2.431401974483864e-07,100.0,squared_hinge,42,"{'alpha': 100.0, 'loss': 'squared_hinge', 'random_state': 42}",0.75,1.0,0.5,0.5,0.75,0.7,0.18708286933869706,37,0.75,0.8154761904761905,0.6666666666666666,0.8125,0.788888888888889,0.7667063492063493,0.05523524440736866,SGDClassifier,,
34,0,24,0.0009973526000976562,1.784161275279017e-07,0.0005983829498291016,0.0004885776558898482,100.0,perceptron,42,"{'alpha': 100.0, 'loss': 'perceptron', 'random_state': 42}",0.5,0.8333333333333334,0.8333333333333334,0.0,0.75,0.5833333333333334,0.31622776601683794,65,1.0,1.0,0.6538461538461539,0.9545454545454545,0.9,0.9016783216783217,0.12926936123430174,SGDClassifier,,
35,0,24,0.0007977962493896484,0.0003988982208830506,0.0007979393005371094,0.0003989697215063215,1000.0,hinge,42,"{'alpha': 1000.0, 'loss': 'hinge', 'random_state': 42}",0.5,0.6666666666666667,0.8333333333333334,0.5,0.5,0.6,0.13333333333333336,57,0.5625,0.6666666666666667,0.6153846153846154,0.5,0.5,0.5689102564102564,0.0651989571275446,SGDClassifier,,
36,0,24,0.0009970664978027344,5.223489356090222e-07,0.00039887428283691406,0.0004885192380524391,1000.0,log,42,"{'alpha': 1000.0, 'loss': 'log', 'random_state': 42}",0.5,0.6666666666666667,0.8333333333333334,0.5,0.5,0.6,0.13333333333333336,57,0.5625,0.6666666666666667,0.6153846153846154,0.5,0.5,0.5689102564102564,0.0651989571275446,SGDClassifier,,
37,0,24,0.0003989696502685547,0.0004886360388238481,0.000797891616821289,0.000398945904587374,1000.0,modified_huber,42,"{'alpha': 1000.0, 'loss': 'modified_huber', 'random_state': 42}",0.5,0.6666666666666667,0.8333333333333334,0.5,0.5,0.6,0.13333333333333336,57,0.5625,0.6666666666666667,0.6538461538461539,0.5,0.5,0.5766025641025642,0.07212891610941484,SGDClassifier,,
38,0,24,0.000797891616821289,0.0003989459900777808,0.0007977008819580079,0.0003988508507184162,1000.0,squared_hinge,42,"{'alpha': 1000.0, 'loss': 'squared_hinge', 'random_state': 42}",0.5,0.6666666666666667,0.8333333333333334,0.5,0.5,0.6,0.13333333333333336,57,0.5625,0.6666666666666667,0.6538461538461539,0.5,0.5,0.5766025641025642,0.07212891610941484,SGDClassifier,,
39,0,24,0.0009973526000976562,1.784161275279017e-07,0.0005985260009765625,0.0004886945264472148,1000.0,perceptron,42,"{'alpha': 1000.0, 'loss': 'perceptron', 'random_state': 42}",0.5,0.5,0.8333333333333334,0.5,0.75,0.6166666666666667,0.1452966314513558,56,0.5625,0.7083333333333333,0.6923076923076923,0.5909090909090908,0.6,0.6308100233100233,0.05830853816819794,SGDClassifier,,
40,0,24,0.0008006572723388671,0.00040036405802858894,0.0005955696105957031,0.00048630501221865434,10000.0,hinge,42,"{'alpha': 10000.0, 'loss': 'hinge', 'random_state': 42}",0.5,0.5,0.5,0.5,0.5,0.5,0.0,66,0.5,0.5,0.5,0.5,0.5,0.5,0.0,SGDClassifier,,
41,0,24,0.0007959842681884765,0.0003980084551416801,0.000604248046875,0.0004934798462826897,10000.0,log,42,"{'alpha': 10000.0, 'loss': 'log', 'random_state': 42}",0.5,0.5,0.5,0.5,0.5,0.5,0.0,66,0.5,0.5,0.5,0.5,0.5,0.5,0.0,SGDClassifier,,
42,0,24,0.000796651840209961,0.00039832881345455554,0.0006003379821777344,0.0004901780227529589,10000.0,modified_huber,42,"{'alpha': 10000.0, 'loss': 'modified_huber', 'random_state': 42}",0.5,0.5,0.5,0.5,0.5,0.5,0.0,66,0.5,0.5,0.5,0.5,0.5,0.5,0.0,SGDClassifier,,
43,0,24,0.0008008956909179687,0.00040048954808542163,0.0005975246429443359,0.0004878782960308777,10000.0,squared_hinge,42,"{'alpha': 10000.0, 'loss': 'squared_hinge', 'random_state': 42}",0.5,0.5,0.5,0.5,0.5,0.5,0.0,66,0.5,0.5,0.5,0.5,0.5,0.5,0.0,SGDClassifier,,
44,0,24,0.0009916305541992187,1.0995620863788648e-05,0.000399017333984375,0.0004886944566570865,10000.0,perceptron,42,"{'alpha': 10000.0, 'loss': 'perceptron', 'random_state': 42}",0.5,0.5,0.5,0.5,0.5,0.5,0.0,66,0.5,0.5,0.5,0.5,0.5,0.5,0.0,SGDClassifier,,
45,0,24,0.0007979393005371094,0.00039897618984253215,0.0007927894592285156,0.0003965156412756138,100000.0,hinge,42,"{'alpha': 100000.0, 'loss': 'hinge', 'random_state': 42}",0.5,0.5,0.5,0.5,0.5,0.5,0.0,66,0.5,0.5,0.5,0.5,0.5,0.5,0.0,SGDClassifier,,
46,0,24,0.0007916927337646484,0.0003959770892330896,0.0006041049957275391,0.0004933494305656111,100000.0,log,42,"{'alpha': 100000.0, 'loss': 'log', 'random_state': 42}",0.5,0.5,0.5,0.5,0.5,0.5,0.0,66,0.5,0.5,0.5,0.5,0.5,0.5,0.0,SGDClassifier,,
47,0,24,0.000598287582397461,0.0004884999593777486,0.0005934238433837891,0.0004846232594460954,100000.0,modified_huber,42,"{'alpha': 100000.0, 'loss': 'modified_huber', 'random_state': 42}",0.5,0.5,0.5,0.5,0.5,0.5,0.0,66,0.5,0.5,0.5,0.5,0.5,0.5,0.0,SGDClassifier,,
48,0,24,0.0010036945343017579,1.0378632135521363e-05,0.0007916450500488281,0.0003959487222840559,100000.0,squared_hinge,42,"{'alpha': 100000.0, 'loss': 'squared_hinge', 'random_state': 42}",0.5,0.5,0.5,0.5,0.5,0.5,0.0,66,0.5,0.5,0.5,0.5,0.5,0.5,0.0,SGDClassifier,,
49,0,24,0.0007977008819580079,0.0003988551547382878,0.0003991127014160156,0.0004888112574243273,100000.0,perceptron,42,"{'alpha': 100000.0, 'loss': 'perceptron', 'random_state': 42}",0.5,0.5,0.5,0.5,0.5,0.5,0.0,66,0.5,0.5,0.5,0.5,0.5,0.5,0.0,SGDClassifier,,
50,1,72,0.0005968093872070312,0.0004873080352329455,0.000598907470703125,0.000489007769752045,1.0,squared_hinge,42,"{'alpha': 1.0, 'loss': 'squared_hinge', 'random_state': 42}",0.6458333333333334,0.875,0.5,0.5888888888888888,0.8333333333333333,0.6886111111111111,0.14355065351107527,41,0.8350649350649351,0.8863636363636364,0.75,0.875,0.8577922077922078,0.840844155844156,0.04860440577858719,SGDClassifier,,
51,1,72,0.0007970809936523437,0.0003985434349720354,0.0005980968475341797,0.0004883459865973676,0.01,log,42,"{'alpha': 0.01, 'loss': 'log', 'random_state': 42}",0.6458333333333334,0.825,0.5,0.5333333333333333,0.8333333333333333,0.6674999999999999,0.14059397805975424,48,0.9318181818181819,1.0,1.0,0.9791666666666667,0.9772727272727273,0.9776515151515153,0.02490800336783876,SGDClassifier,,
52,1,72,0.0009968280792236328,1.7841612752790171e-06,0.0005991935729980468,0.0004892411147947335,0.001,perceptron,42,"{'alpha': 0.001, 'loss': 'perceptron', 'random_state': 42}",0.7083333333333334,0.7750000000000001,0.5,0.43333333333333335,0.7878787878787877,0.6409090909090909,0.1463349303677356,53,1.0,1.0,1.0,1.0,1.0,1.0,0.0,SGDClassifier,,
53,1,72,0.0005979537963867188,0.0004882275330157423,0.0007981300354003906,0.0003990730085882198,0.1,perceptron,42,"{'alpha': 0.1, 'loss': 'perceptron', 'random_state': 42}",0.6458333333333334,0.85,0.5,0.5444444444444444,0.8333333333333333,0.6747222222222222,0.14437070767495702,46,1.0,1.0,1.0,1.0,1.0,1.0,0.0,SGDClassifier,,
54,1,72,0.0009966373443603515,4.6231077741778654e-07,0.0005991458892822266,0.0004892011355653933,0.1,hinge,42,"{'alpha': 0.1, 'loss': 'hinge', 'random_state': 42}",0.6458333333333334,0.875,0.47916666666666663,0.5333333333333333,0.7878787878787877,0.6642424242424242,0.14928752587233657,49,0.8350649350649351,0.8831168831168832,0.8226495726495727,0.8712121212121212,0.8149350649350651,0.8453957153957156,0.026986428300471616,SGDClassifier,,
55,1,72,0.000998687744140625,2.6694364552075205e-06,0.0005981922149658203,0.0004884220922268009,1.0,hinge,42,"{'alpha': 1.0, 'loss': 'hinge', 'random_state': 42}",0.625,0.875,0.5,0.6,0.5,0.62,0.1372953021774598,55,0.6818181818181819,0.6590909090909091,0.5,0.625,0.5454545454545454,0.6022727272727273,0.06893523130955957,SGDClassifier,,
56,1,72,0.00099639892578125,1.7284935913459642e-06,0.000399017333984375,0.0004886945264472148,10.0,squared_hinge,42,"{'alpha': 10.0, 'loss': 'squared_hinge', 'random_state': 42}",0.625,0.75,0.5,0.6,0.5,0.595,0.09273618495495704,63,0.7045454545454546,0.6590909090909091,0.5277777777777778,0.6458333333333334,0.5909090909090909,0.6256313131313131,0.06088687049666509,SGDClassifier,,
57,1,72,0.0007921695709228515,0.00039620590289844693,0.0007979393005371094,0.00039896977849652576,10.0,modified_huber,42,"{'alpha': 10.0, 'loss': 'modified_huber', 'random_state': 42}",0.625,0.75,0.5,0.6,0.5,0.595,0.09273618495495704,63,0.7045454545454546,0.6590909090909091,0.5277777777777778,0.6458333333333334,0.5909090909090909,0.6256313131313131,0.06088687049666509,SGDClassifier,,
58,1,72,0.0005983352661132812,0.0004885387067869067,0.000797891616821289,0.00039894581909694896,0.01,hinge,42,"{'alpha': 0.01, 'loss': 'hinge', 'random_state': 42}",0.6458333333333334,0.85,0.5,0.5333333333333333,0.8333333333333333,0.6725,0.14642973286415112,47,1.0,0.9857142857142857,1.0,1.0,1.0,0.9971428571428571,0.005714285714285738,SGDClassifier,,
59,1,72,0.0009972572326660157,1.784161275279017e-07,0.0005984306335449219,0.000488616573967537,1.0,log,42,"{'alpha': 1.0, 'loss': 'log', 'random_state': 42}",0.625,0.875,0.5,0.6,0.6666666666666666,0.6533333333333333,0.12367070972726098,51,0.7045454545454546,0.6590909090909091,0.5277777777777778,0.6666666666666666,0.6136363636363636,0.6343434343434343,0.06061447753001009,SGDClassifier,,
60,1,72,0.000997304916381836,1.5078914929239175e-07,0.0005983829498291016,0.0004885776558898482,0.0001,log,42,"{'alpha': 0.0001, 'loss': 'log', 'random_state': 42}",0.41666666666666663,0.875,0.5833333333333334,0.6333333333333334,0.7878787878787877,0.6592424242424242,0.16023427522487543,50,0.8344155844155844,1.0,1.0,1.0,1.0,0.9668831168831169,0.06623376623376624,SGDClassifier,,
61,1,72,0.000797891616821289,0.00039894581909694896,0.0005984306335449219,0.000488616573967537,1.0,modified_huber,42,"{'alpha': 1.0, 'loss': 'modified_huber', 'random_state': 42}",0.6458333333333334,0.875,0.5,0.5888888888888888,0.8333333333333333,0.6886111111111111,0.14355065351107527,41,0.8350649350649351,0.8863636363636364,0.7222222222222222,0.875,0.8350649350649351,0.8307431457431458,0.05808003907246365,SGDClassifier,,
62,1,72,0.0007978439331054688,0.0003989219950512487,0.0005983829498291016,0.0004885776558898482,0.1,log,42,"{'alpha': 0.1, 'loss': 'log', 'random_state': 42}",0.6458333333333334,0.875,0.5,0.5333333333333333,0.8333333333333333,0.6775,0.15269795894728475,44,0.8350649350649351,0.8863636363636364,0.7222222222222222,0.9166666666666667,0.8577922077922078,0.8436219336219338,0.06659473703099193,SGDClassifier,,
63,1,72,0.0011967182159423827,0.00039882662762642264,0.0005983829498291016,0.0004885776326209085,0.1,squared_hinge,42,"{'alpha': 0.1, 'loss': 'squared_hinge', 'random_state': 42}",0.625,0.9,0.6041666666666666,0.42222222222222217,0.9545454545454545,0.7011868686868686,0.19837130172900058,36,0.9714285714285714,0.9428571428571428,0.9358974358974359,1.0,0.9772727272727273,0.9654911754911755,0.023464890616835037,SGDClassifier,,
64,1,72,0.0007977962493896484,0.0003988981353824061,0.0005984306335449219,0.000488616573967537,0.001,log,42,"{'alpha': 0.001, 'loss': 'log', 'random_state': 42}",0.6458333333333334,0.7750000000000001,0.5,0.6333333333333334,0.8333333333333333,0.6775,0.11683321445547923,44,1.0,1.0,1.0,1.0,1.0,1.0,0.0,SGDClassifier,,
65,1,72,0.0005984306335449219,0.000488616573967537,0.0005985260009765625,0.0004886944333937081,1.0,perceptron,42,"{'alpha': 1.0, 'loss': 'perceptron', 'random_state': 42}",0.6458333333333334,0.825,0.5,0.43333333333333335,0.8333333333333333,0.6475,0.16350331291240958,52,1.0,1.0,1.0,1.0,0.9772727272727273,0.9954545454545455,0.009090909090909084,SGDClassifier,,
66,1,72,0.000997018814086914,2.3360154559928684e-07,0.0003989696502685547,0.0004886360388238481,0.01,squared_hinge,42,"{'alpha': 0.01, 'loss': 'squared_hinge', 'random_state': 42}",0.6458333333333334,0.7249999999999999,0.39583333333333337,0.6,0.8333333333333333,0.64,0.1455020045680929,54,1.0,1.0,1.0,1.0,1.0,1.0,0.0,SGDClassifier,,
67,2,216,0.0007978439331054688,0.0003989219950512487,0.0005983829498291016,0.0004885776326209084,0.1,perceptron,42,"{'alpha': 0.1, 'loss': 'perceptron', 'random_state': 42}",0.7683982683982684,0.8011111111111111,0.7880434782608695,0.6995073891625616,0.8144796380090499,0.7743079769883722,0.040375455261520685,22,0.9821428571428572,1.0,0.9682539682539683,1.0,1.0,0.9900793650793652,0.01291969888579341,SGDClassifier,,
68,2,216,0.0007978439331054688,0.0003989219950512487,0.000797891616821289,0.00039894584759375934,0.1,log,42,"{'alpha': 0.1, 'loss': 'log', 'random_state': 42}",0.6818181818181819,0.7855555555555556,0.7565217391304349,0.8054187192118227,0.7454751131221719,0.7549578617676334,0.04224759878745615,27,0.7904761904761904,0.7917888563049853,0.7841124217271007,0.8090561920349154,0.7766133480419194,0.7904094017170223,0.010766551897965002,SGDClassifier,,
69,2,216,0.000997304916381836,2.132480599880018e-07,0.0005984306335449219,0.000488616573967537,0.001,log,42,"{'alpha': 0.001, 'loss': 'log', 'random_state': 42}",0.7489177489177489,0.8088888888888888,0.766304347826087,0.7869458128078818,0.7760180995475114,0.7774149795976235,0.02009444359227506,21,1.0,1.0,1.0,0.9935897435897436,1.0,0.9987179487179487,0.002564102564102555,SGDClassifier,,
70,2,216,0.000997161865234375,1.1680077279964343e-07,0.000797891616821289,0.00039894581909694896,1.0,modified_huber,42,"{'alpha': 1.0, 'loss': 'modified_huber', 'random_state': 42}",0.6818181818181819,0.7855555555555556,0.7565217391304349,0.7881773399014779,0.7454751131221719,0.7515095859055644,0.0385281211011045,28,0.7866071428571428,0.7917888563049853,0.7886995776904033,0.8090561920349154,0.7766133480419194,0.7905530233858733,0.010556650186936788,SGDClassifier,,
71,2,216,0.00099945068359375,4.294182702033778e-06,0.0005962848663330078,0.00048687962344543705,1.0,squared_hinge,42,"{'alpha': 1.0, 'loss': 'squared_hinge', 'random_state': 42}",0.7272727272727273,0.7855555555555556,0.7347826086956522,0.7881773399014779,0.6968325791855204,0.7465241621221866,0.03531620627373895,33,0.7949404761904763,0.7917888563049853,0.7841124217271007,0.8090561920349154,0.7733039161610591,0.7906403724837073,0.011850056334272288,SGDClassifier,,
72,2,216,0.004785919189453125,0.00222147177894048,0.0007984161376953125,0.0003992082112380866,0.1,squared_hinge,42,"{'alpha': 0.1, 'loss': 'squared_hinge', 'random_state': 42}",0.6547619047619049,0.8055555555555556,0.7315217391304348,0.8078817733990148,0.7273755656108597,0.745419307691554,0.05701826317163779,34,0.9,0.8341642228739002,0.873015873015873,0.7999181669394436,0.9065085493656923,0.8627213624389818,0.04042955129721557,SGDClassifier,,
73,3,648,0.000997304916381836,2.132480599880018e-07,0.0009973526000976562,1.784161275279017e-07,0.1,perceptron,42,"{'alpha': 0.1, 'loss': 'perceptron', 'random_state': 42}",0.7176020408163265,0.8250632911392404,0.7628205128205128,0.7720253164556963,0.766326530612245,0.7687675383688042,0.03417326051048018,23,0.9639175257731959,1.0,0.9618844696969697,0.9742521384351223,0.907035175879397,0.9614178619569371,0.030388295824801057,SGDClassifier,,
74,3,648,0.0019943714141845703,3.693564745147149e-07,0.00039887428283691406,0.0004885192380524391,0.001,log,42,"{'alpha': 0.001, 'loss': 'log', 'random_state': 42}",0.7686224489795919,0.8456962025316456,0.7631975867269986,0.7803797468354431,0.8223214285714285,0.7960434827290215,0.032348235252332436,13,0.9417557591956217,0.9454071969696969,0.9665719696969698,0.9852475543863517,0.9701721775019296,0.961830931550114,0.016205823980432417,SGDClassifier,,
75,0,74,0.001795196533203125,0.00039882662762642264,0.0001994609832763672,0.00039892196655273444,,,42,"{'C': 0.0001, 'random_state': 42}",0.625,0.5,0.5,0.6,0.5,0.545,0.055677643628300216,16,0.6956521739130435,0.6136363636363636,0.5277777777777778,0.62,0.5652173913043478,0.6044567413263066,0.05667778281065186,PassiveAggressiveClassifier,0.0001,
76,0,74,0.0017952442169189454,0.00039896966451610907,0.0005983352661132812,0.0004885387067869067,,,42,"{'C': 0.001, 'random_state': 42}",0.6458333333333334,0.875,0.47916666666666663,0.5333333333333333,0.7878787878787877,0.6642424242424242,0.14928752587233657,14,0.8417874396135265,0.8415233415233416,0.8766937669376693,0.98,0.7940821256038647,0.8668173347356805,0.06239319196719515,PassiveAggressiveClassifier,0.001,
77,0,74,0.0011967182159423827,0.0003989459045873741,0.0005984306335449219,0.0004886166205017064,,,42,"{'C': 0.01, 'random_state': 42}",0.6458333333333334,0.825,0.375,0.5333333333333333,0.8333333333333333,0.6424999999999998,0.17504761257059936,15,0.9782608695652174,1.0,1.0,1.0,1.0,0.9956521739130434,0.008695652173913038,PassiveAggressiveClassifier,0.01,
78,0,74,0.0005984306335449219,0.000488616573967537,0.0009972095489501954,1.1680077279964343e-07,,,42,"{'C': 0.1, 'random_state': 42}",0.6458333333333334,0.825,0.5,0.5333333333333333,0.8333333333333333,0.6674999999999999,0.14059397805975424,7,1.0,1.0,1.0,1.0,1.0,1.0,0.0,PassiveAggressiveClassifier,0.1,
79,0,74,0.0009972572326660157,9.536743164062499e-08,0.0003989696502685547,0.0004886360388238481,,,42,"{'C': 1.0, 'random_state': 42}",0.6458333333333334,0.825,0.5,0.5333333333333333,0.8333333333333333,0.6674999999999999,0.14059397805975424,7,1.0,1.0,1.0,1.0,1.0,1.0,0.0,PassiveAggressiveClassifier,1.0,
80,0,74,0.0009973526000976562,9.536743164062499e-08,0.0005984306335449219,0.000488616573967537,,,42,"{'C': 10.0, 'random_state': 42}",0.6458333333333334,0.825,0.5,0.5333333333333333,0.8333333333333333,0.6674999999999999,0.14059397805975424,7,1.0,1.0,1.0,1.0,1.0,1.0,0.0,PassiveAggressiveClassifier,10.0,
81,0,74,0.0007976055145263672,0.0003988030245165381,0.0005984306335449219,0.000488616573967537,,,42,"{'C': 100.0, 'random_state': 42}",0.6458333333333334,0.825,0.5,0.5333333333333333,0.8333333333333333,0.6674999999999999,0.14059397805975424,7,1.0,1.0,1.0,1.0,1.0,1.0,0.0,PassiveAggressiveClassifier,100.0,
82,0,74,0.0009973526000976562,1.784161275279017e-07,0.0007977485656738281,0.00039887429708787493,,,42,"{'C': 1000.0, 'random_state': 42}",0.6458333333333334,0.825,0.5,0.5333333333333333,0.8333333333333333,0.6674999999999999,0.14059397805975424,7,1.0,1.0,1.0,1.0,1.0,1.0,0.0,PassiveAggressiveClassifier,1000.0,
83,0,74,0.0008016109466552734,0.00040088892390688363,0.0005962371826171875,0.00048684596078977453,,,42,"{'C': 10000.0, 'random_state': 42}",0.6458333333333334,0.825,0.5,0.5333333333333333,0.8333333333333333,0.6674999999999999,0.14059397805975424,7,1.0,1.0,1.0,1.0,1.0,1.0,0.0,PassiveAggressiveClassifier,10000.0,
84,0,74,0.0009964942932128907,1.5273682954833e-06,0.0005985260009765625,0.0004886944566570864,,,42,"{'C': 100000.0, 'random_state': 42}",0.6458333333333334,0.825,0.5,0.5333333333333333,0.8333333333333333,0.6674999999999999,0.14059397805975424,7,1.0,1.0,1.0,1.0,1.0,1.0,0.0,PassiveAggressiveClassifier,100000.0,
85,1,222,0.0011958599090576172,0.00039901964180572534,0.0007979393005371094,0.0003989697215063215,,,42,"{'C': 100.0, 'random_state': 42}",0.7499999999999999,0.8782051282051283,0.8125,0.7380952380952381,0.7788671023965142,0.7915334937393761,0.050383890965028336,3,1.0,1.0,1.0,1.0,1.0,1.0,0.0,PassiveAggressiveClassifier,100.0,
86,1,222,0.0011967182159423827,0.00039894581909694896,0.0003989219665527344,0.0004885776558898482,,,42,"{'C': 1000.0, 'random_state': 42}",0.7499999999999999,0.8782051282051283,0.8125,0.7380952380952381,0.7788671023965142,0.7915334937393761,0.050383890965028336,3,1.0,1.0,1.0,1.0,1.0,1.0,0.0,PassiveAggressiveClassifier,1000.0,
87,1,222,0.0009974002838134765,1.9073486328124998e-07,0.0007979393005371094,0.0003989696930112163,,,42,"{'C': 10000.0, 'random_state': 42}",0.7499999999999999,0.8782051282051283,0.8125,0.7380952380952381,0.7788671023965142,0.7915334937393761,0.050383890965028336,3,1.0,1.0,1.0,1.0,1.0,1.0,0.0,PassiveAggressiveClassifier,10000.0,
88,1,222,0.0011967182159423827,0.00039882659912109374,0.0005983829498291016,0.0004885776326209085,,,42,"{'C': 100000.0, 'random_state': 42}",0.7499999999999999,0.8782051282051283,0.8125,0.7380952380952381,0.7788671023965142,0.7915334937393761,0.050383890965028336,3,1.0,1.0,1.0,1.0,1.0,1.0,0.0,PassiveAggressiveClassifier,100000.0,
89,2,666,0.0015955448150634765,0.0004884608318481088,0.0007978439331054688,0.00039892202354976095,,,42,"{'C': 10000.0, 'random_state': 42}",0.7625538020086082,0.8507890961262553,0.7956719273075085,0.811219512195122,0.840731707317073,0.8121932089909135,0.031755503302400165,1,1.0,1.0,1.0,1.0,1.0,1.0,0.0,PassiveAggressiveClassifier,10000.0,
90,2,666,0.0013960838317871095,0.0004885971129893826,0.000797891616821289,0.00039894584759375934,,,42,"{'C': 100000.0, 'random_state': 42}",0.7625538020086082,0.8507890961262553,0.7956719273075085,0.811219512195122,0.840731707317073,0.8121932089909135,0.031755503302400165,1,1.0,1.0,1.0,1.0,1.0,1.0,0.0,PassiveAggressiveClassifier,100000.0,
91,0,24,0.0009973526000976562,2.78041453115716e-07,0.0,0.0,0.0001,,42,"{'alpha': 0.0001, 'random_state': 42, 'solver': 'svd'}",0.0,0.0,0.0,0.0,0.0,0.0,0.0,51,0.0,0.0,0.0,0.0,0.0,0.0,0.0,RidgeClassifier,,svd
92,0,24,0.000797891616821289,0.000398945904587374,0.0,0.0,0.0001,,42,"{'alpha': 0.0001, 'random_state': 42, 'solver': 'cholesky'}",0.0,0.0,0.0,0.0,0.0,0.0,0.0,51,0.0,0.0,0.0,0.0,0.0,0.0,0.0,RidgeClassifier,,cholesky
93,0,24,0.000797891616821289,0.00039894581909694896,0.0,0.0,0.0001,,42,"{'alpha': 0.0001, 'random_state': 42, 'solver': 'lsqr'}",0.0,0.0,0.0,0.0,0.0,0.0,0.0,51,0.0,0.0,0.0,0.0,0.0,0.0,0.0,RidgeClassifier,,lsqr
94,0,24,0.0027925968170166016,0.00039887429708787493,0.000598287582397461,0.0004884997731965918,0.0001,,42,"{'alpha': 0.0001, 'random_state': 42, 'solver': 'sparse_cg'}",0.75,1.0,0.8333333333333334,0.33333333333333337,1.0,0.7833333333333334,0.2449489742783178,7,1.0,1.0,1.0,1.0,1.0,1.0,0.0,RidgeClassifier,,sparse_cg
95,0,24,0.0019945144653320313,1.1680077279964343e-07,0.0007978439331054688,0.0003989219950512487,0.0001,,42,"{'alpha': 0.0001, 'random_state': 42, 'solver': 'sag'}",0.75,1.0,0.8333333333333334,0.33333333333333337,1.0,0.7833333333333334,0.2449489742783178,7,1.0,1.0,1.0,1.0,1.0,1.0,0.0,RidgeClassifier,,sag
96,0,24,0.000997304916381836,1.5078914929239175e-07,0.0,0.0,0.0001,,42,"{'alpha': 0.0001, 'random_state': 42, 'solver': 'saga'}",0.0,0.0,0.0,0.0,0.0,0.0,0.0,51,0.0,0.0,0.0,0.0,0.0,0.0,0.0,RidgeClassifier,,saga
97,0,24,0.0007979393005371094,0.00039896966451610907,0.0,0.0,0.001,,42,"{'alpha': 0.001, 'random_state': 42, 'solver': 'svd'}",0.0,0.0,0.0,0.0,0.0,0.0,0.0,51,0.0,0.0,0.0,0.0,0.0,0.0,0.0,RidgeClassifier,,svd
98,0,24,0.000997018814086914,0.0006302987594788563,0.0,0.0,0.001,,42,"{'alpha': 0.001, 'random_state': 42, 'solver': 'cholesky'}",0.0,0.0,0.0,0.0,0.0,0.0,0.0,51,0.0,0.0,0.0,0.0,0.0,0.0,0.0,RidgeClassifier,,cholesky
99,0,24,0.0007977485656738281,0.00039887435409171316,0.0,0.0,0.001,,42,"{'alpha': 0.001, 'random_state': 42, 'solver': 'lsqr'}",0.0,0.0,0.0,0.0,0.0,0.0,0.0,51,0.0,0.0,0.0,0.0,0.0,0.0,0.0,RidgeClassifier,,lsqr
100,0,24,0.002794837951660156,0.0007437768693286224,0.0007952213287353516,0.0003976402958179581,0.001,,42,"{'alpha': 0.001, 'random_state': 42, 'solver': 'sparse_cg'}",0.75,1.0,0.8333333333333334,0.33333333333333337,1.0,0.7833333333333334,0.2449489742783178,7,1.0,1.0,1.0,1.0,1.0,1.0,0.0,RidgeClassifier,,sparse_cg
101,0,24,0.001994466781616211,1.1680077279964342e-07,0.0005984306335449219,0.000488616573967537,0.001,,42,"{'alpha': 0.001, 'random_state': 42, 'solver': 'sag'}",0.75,1.0,0.8333333333333334,0.33333333333333337,1.0,0.7833333333333334,0.2449489742783178,7,1.0,1.0,1.0,1.0,1.0,1.0,0.0,RidgeClassifier,,sag
102,0,24,0.0005984783172607421,0.0004886555075578522,0.0,0.0,0.001,,42,"{'alpha': 0.001, 'random_state': 42, 'solver': 'saga'}",0.0,0.0,0.0,0.0,0.0,0.0,0.0,51,0.0,0.0,0.0,0.0,0.0,0.0,0.0,RidgeClassifier,,saga
103,0,24,0.0009973526000976562,2.78041453115716e-07,0.0,0.0,0.01,,42,"{'alpha': 0.01, 'random_state': 42, 'solver': 'svd'}",0.0,0.0,0.0,0.0,0.0,0.0,0.0,51,0.0,0.0,0.0,0.0,0.0,0.0,0.0,RidgeClassifier,,svd
104,0,24,0.0003989219665527344,0.0004885776326209085,0.0,0.0,0.01,,42,"{'alpha': 0.01, 'random_state': 42, 'solver': 'cholesky'}",0.0,0.0,0.0,0.0,0.0,0.0,0.0,51,0.0,0.0,0.0,0.0,0.0,0.0,0.0,RidgeClassifier,,cholesky
105,0,24,0.0009973526000976562,9.536743164062499e-08,0.0,0.0,0.01,,42,"{'alpha': 0.01, 'random_state': 42, 'solver': 'lsqr'}",0.0,0.0,0.0,0.0,0.0,0.0,0.0,51,0.0,0.0,0.0,0.0,0.0,0.0,0.0,RidgeClassifier,,lsqr
106,0,24,0.0025929927825927733,0.0004885776326209085,0.0005983352661132812,0.0004885387067869067,0.01,,42,"{'alpha': 0.01, 'random_state': 42, 'solver': 'sparse_cg'}",0.75,1.0,0.8333333333333334,0.33333333333333337,1.0,0.7833333333333334,0.2449489742783178,7,1.0,1.0,1.0,1.0,1.0,1.0,0.0,RidgeClassifier,,sparse_cg
107,0,24,0.001994752883911133,1.1680077279964343e-07,0.0007977485656738281,0.00039887429708787493,0.01,,42,"{'alpha': 0.01, 'random_state': 42, 'solver': 'sag'}",0.75,1.0,0.8333333333333334,0.33333333333333337,1.0,0.7833333333333334,0.2449489742783178,7,1.0,1.0,1.0,1.0,1.0,1.0,0.0,RidgeClassifier,,sag
108,0,24,0.0009973526000976562,1.784161275279017e-07,0.0,0.0,0.01,,42,"{'alpha': 0.01, 'random_state': 42, 'solver': 'saga'}",0.0,0.0,0.0,0.0,0.0,0.0,0.0,51,0.0,0.0,0.0,0.0,0.0,0.0,0.0,RidgeClassifier,,saga
109,0,24,0.0007977962493896484,0.00039889816388262293,0.0,0.0,0.1,,42,"{'alpha': 0.1, 'random_state': 42, 'solver': 'svd'}",0.0,0.0,0.0,0.0,0.0,0.0,0.0,51,0.0,0.0,0.0,0.0,0.0,0.0,0.0,RidgeClassifier,,svd
110,0,24,0.0007979393005371094,0.0003989698924769098,0.0,0.0,0.1,,42,"{'alpha': 0.1, 'random_state': 42, 'solver': 'cholesky'}",0.0,0.0,0.0,0.0,0.0,0.0,0.0,51,0.0,0.0,0.0,0.0,0.0,0.0,0.0,RidgeClassifier,,cholesky
111,0,24,0.0005983829498291016,0.0004885776558898482,0.0,0.0,0.1,,42,"{'alpha': 0.1, 'random_state': 42, 'solver': 'lsqr'}",0.0,0.0,0.0,0.0,0.0,0.0,0.0,51,0.0,0.0,0.0,0.0,0.0,0.0,0.0,RidgeClassifier,,lsqr
112,0,24,0.0027924537658691405,0.00039892199505124864,0.0003989696502685547,0.0004886360853561638,0.1,,42,"{'alpha': 0.1, 'random_state': 42, 'solver': 'sparse_cg'}",0.75,1.0,0.8333333333333334,0.33333333333333337,1.0,0.7833333333333334,0.2449489742783178,7,1.0,1.0,1.0,1.0,1.0,1.0,0.0,RidgeClassifier,,sparse_cg
113,0,24,0.0019945621490478514,0.0006308264087680043,0.0005985260009765625,0.0004886944333937081,0.1,,42,"{'alpha': 0.1, 'random_state': 42, 'solver': 'sag'}",0.75,1.0,0.8333333333333334,0.33333333333333337,1.0,0.7833333333333334,0.2449489742783178,7,1.0,1.0,1.0,1.0,1.0,1.0,0.0,RidgeClassifier,,sag
114,0,24,0.000997304916381836,2.132480599880018e-07,0.0,0.0,0.1,,42,"{'alpha': 0.1, 'random_state': 42, 'solver': 'saga'}",0.0,0.0,0.0,0.0,0.0,0.0,0.0,51,0.0,0.0,0.0,0.0,0.0,0.0,0.0,RidgeClassifier,,saga
115,0,24,0.0005983829498291016,0.0004885776558898482,0.0,0.0,1.0,,42,"{'alpha': 1.0, 'random_state': 42, 'solver': 'svd'}",0.0,0.0,0.0,0.0,0.0,0.0,0.0,51,0.0,0.0,0.0,0.0,0.0,0.0,0.0,RidgeClassifier,,svd
116,0,24,0.000997304916381836,2.132480599880018e-07,0.0,0.0,1.0,,42,"{'alpha': 1.0, 'random_state': 42, 'solver': 'cholesky'}",0.0,0.0,0.0,0.0,0.0,0.0,0.0,51,0.0,0.0,0.0,0.0,0.0,0.0,0.0,RidgeClassifier,,cholesky
117,0,24,0.0003989219665527344,0.0004885776326209085,0.0,0.0,1.0,,42,"{'alpha': 1.0, 'random_state': 42, 'solver': 'lsqr'}",0.0,0.0,0.0,0.0,0.0,0.0,0.0,51,0.0,0.0,0.0,0.0,0.0,0.0,0.0,RidgeClassifier,,lsqr
118,0,24,0.0027924537658691405,0.0003988027964603534,0.0005984783172607421,0.0004886555075578522,1.0,,42,"{'alpha': 1.0, 'random_state': 42, 'solver': 'sparse_cg'}",1.0,1.0,0.8333333333333334,0.33333333333333337,1.0,0.8333333333333334,0.2581988897471611,1,1.0,1.0,1.0,1.0,1.0,1.0,0.0,RidgeClassifier,,sparse_cg
119,0,24,0.001795196533203125,0.0003989458475937594,0.0007979393005371094,0.00039896966451610907,1.0,,42,"{'alpha': 1.0, 'random_state': 42, 'solver': 'sag'}",1.0,1.0,0.8333333333333334,0.33333333333333337,1.0,0.8333333333333334,0.2581988897471611,1,1.0,1.0,1.0,1.0,1.0,1.0,0.0,RidgeClassifier,,sag
120,0,24,0.000997304916381836,3.371747880871523e-07,0.0,0.0,1.0,,42,"{'alpha': 1.0, 'random_state': 42, 'solver': 'saga'}",0.0,0.0,0.0,0.0,0.0,0.0,0.0,51,0.0,0.0,0.0,0.0,0.0,0.0,0.0,RidgeClassifier,,saga
121,0,24,0.0005984783172607421,0.0004886555075578522,0.0,0.0,10.0,,42,"{'alpha': 10.0, 'random_state': 42, 'solver': 'svd'}",0.0,0.0,0.0,0.0,0.0,0.0,0.0,51,0.0,0.0,0.0,0.0,0.0,0.0,0.0,RidgeClassifier,,svd
122,0,24,0.0005983829498291016,0.0004885776558898482,0.0,0.0,10.0,,42,"{'alpha': 10.0, 'random_state': 42, 'solver': 'cholesky'}",0.0,0.0,0.0,0.0,0.0,0.0,0.0,51,0.0,0.0,0.0,0.0,0.0,0.0,0.0,RidgeClassifier,,cholesky
123,0,24,0.0007980823516845703,0.00039904400702615904,0.0,0.0,10.0,,42,"{'alpha': 10.0, 'random_state': 42, 'solver': 'lsqr'}",0.0,0.0,0.0,0.0,0.0,0.0,0.0,51,0.0,0.0,0.0,0.0,0.0,0.0,0.0,RidgeClassifier,,lsqr
124,0,24,0.0021938800811767576,0.00039877918623819613,0.0005983352661132812,0.0004885390791194743,10.0,,42,"{'alpha': 10.0, 'random_state': 42, 'solver': 'sparse_cg'}",1.0,1.0,0.5,0.33333333333333337,1.0,0.7666666666666667,0.29059326290271154,21,1.0,0.9285714285714286,0.9166666666666667,0.9375,0.9444444444444444,0.9454365079365079,0.02882110921891655,RidgeClassifier,,sparse_cg
125,0,24,0.0019946575164794924,2.7804145311571603e-07,0.0,0.0,10.0,,42,"{'alpha': 10.0, 'random_state': 42, 'solver': 'sag'}",1.0,1.0,0.5,0.33333333333333337,1.0,0.7666666666666667,0.29059326290271154,21,1.0,0.9285714285714286,0.9166666666666667,0.9375,0.9444444444444444,0.9454365079365079,0.02882110921891655,RidgeClassifier,,sag
126,0,24,0.000997304916381836,2.611744678045111e-07,0.0,0.0,10.0,,42,"{'alpha': 10.0, 'random_state': 42, 'solver': 'saga'}",0.0,0.0,0.0,0.0,0.0,0.0,0.0,51,0.0,0.0,0.0,0.0,0.0,0.0,0.0,RidgeClassifier,,saga
127,0,24,0.0005983829498291016,0.0004885776558898482,0.0,0.0,100.0,,42,"{'alpha': 100.0, 'random_state': 42, 'solver': 'svd'}",0.0,0.0,0.0,0.0,0.0,0.0,0.0,51,0.0,0.0,0.0,0.0,0.0,0.0,0.0,RidgeClassifier,,svd
128,0,24,0.0005983829498291016,0.0004885776558898482,0.0,0.0,100.0,,42,"{'alpha': 100.0, 'random_state': 42, 'solver': 'cholesky'}",0.0,0.0,0.0,0.0,0.0,0.0,0.0,51,0.0,0.0,0.0,0.0,0.0,0.0,0.0,RidgeClassifier,,cholesky
129,0,24,0.000997304916381836,1.5078914929239175e-07,0.0,0.0,100.0,,42,"{'alpha': 100.0, 'random_state': 42, 'solver': 'lsqr'}",0.0,0.0,0.0,0.0,0.0,0.0,0.0,51,0.0,0.0,0.0,0.0,0.0,0.0,0.0,RidgeClassifier,,lsqr
130,0,24,0.001994609832763672,6.217195897295617e-07,0.0005985736846923828,0.0004887334677845756,100.0,,42,"{'alpha': 100.0, 'random_state': 42, 'solver': 'sparse_cg'}",0.5,0.5,0.5,0.5,1.0,0.6,0.2,36,0.75,0.5,0.5,0.5,0.8333333333333333,0.6166666666666666,0.14529663145135577,RidgeClassifier,,sparse_cg
131,0,24,0.00139617919921875,0.0004887140533336281,0.0005992412567138672,0.0004892801799254791,100.0,,42,"{'alpha': 100.0, 'random_state': 42, 'solver': 'sag'}",0.5,0.5,0.5,0.5,1.0,0.6,0.2,36,0.75,0.5,0.5,0.5,0.8333333333333333,0.6166666666666666,0.14529663145135577,RidgeClassifier,,sag
132,0,24,0.000997018814086914,7.136645101116069e-07,0.0,0.0,100.0,,42,"{'alpha': 100.0, 'random_state': 42, 'solver': 'saga'}",0.0,0.0,0.0,0.0,0.0,0.0,0.0,51,0.0,0.0,0.0,0.0,0.0,0.0,0.0,RidgeClassifier,,saga
133,0,24,0.00019941329956054687,0.00039882659912109374,0.0,0.0,1000.0,,42,"{'alpha': 1000.0, 'random_state': 42, 'solver': 'svd'}",0.0,0.0,0.0,0.0,0.0,0.0,0.0,51,0.0,0.0,0.0,0.0,0.0,0.0,0.0,RidgeClassifier,,svd
134,0,24,0.0009975910186767578,4.1019083342755444e-07,0.0,0.0,1000.0,,42,"{'alpha': 1000.0, 'random_state': 42, 'solver': 'cholesky'}",0.0,0.0,0.0,0.0,0.0,0.0,0.0,51,0.0,0.0,0.0,0.0,0.0,0.0,0.0,RidgeClassifier,,cholesky
135,0,24,0.0007978439331054688,0.00039892273601190573,0.0,0.0,1000.0,,42,"{'alpha': 1000.0, 'random_state': 42, 'solver': 'lsqr'}",0.0,0.0,0.0,0.0,0.0,0.0,0.0,51,0.0,0.0,0.0,0.0,0.0,0.0,0.0,RidgeClassifier,,lsqr
136,0,24,0.0017951488494873046,0.0003985644920010188,0.000598287582397461,0.000488499912832466,1000.0,,42,"{'alpha': 1000.0, 'random_state': 42, 'solver': 'sparse_cg'}",0.5,0.5,0.5,0.5,0.5,0.5,0.0,39,0.5,0.5,0.5,0.5,0.5,0.5,0.0,RidgeClassifier,,sparse_cg
137,0,24,0.0014005661010742187,0.000485385109393702,0.0005984306335449219,0.0004886166205017064,1000.0,,42,"{'alpha': 1000.0, 'random_state': 42, 'solver': 'sag'}",0.5,0.5,0.5,0.5,0.5,0.5,0.0,39,0.5,0.5,0.5,0.5,0.5,0.5,0.0,RidgeClassifier,,sag
138,0,24,0.0009972572326660157,9.536743164062499e-08,0.0,0.0,1000.0,,42,"{'alpha': 1000.0, 'random_state': 42, 'solver': 'saga'}",0.0,0.0,0.0,0.0,0.0,0.0,0.0,51,0.0,0.0,0.0,0.0,0.0,0.0,0.0,RidgeClassifier,,saga
139,0,24,0.0009974002838134765,7.008046367978606e-07,0.0,0.0,10000.0,,42,"{'alpha': 10000.0, 'random_state': 42, 'solver': 'svd'}",0.0,0.0,0.0,0.0,0.0,0.0,0.0,51,0.0,0.0,0.0,0.0,0.0,0.0,0.0,RidgeClassifier,,svd
140,0,24,0.00019941329956054687,0.0003988265991210938,0.0,0.0,10000.0,,42,"{'alpha': 10000.0, 'random_state': 42, 'solver': 'cholesky'}",0.0,0.0,0.0,0.0,0.0,0.0,0.0,51,0.0,0.0,0.0,0.0,0.0,0.0,0.0,RidgeClassifier,,cholesky
141,0,24,0.0009975910186767578,5.091227651611e-07,0.0,0.0,10000.0,,42,"{'alpha': 10000.0, 'random_state': 42, 'solver': 'lsqr'}",0.0,0.0,0.0,0.0,0.0,0.0,0.0,51,0.0,0.0,0.0,0.0,0.0,0.0,0.0,RidgeClassifier,,lsqr
142,0,24,0.0013962745666503905,0.00048824712980535074,0.000996875762939453,4.862803948967729e-07,10000.0,,42,"{'alpha': 10000.0, 'random_state': 42, 'solver': 'sparse_cg'}",0.5,0.5,0.5,0.5,0.5,0.5,0.0,39,0.5,0.5,0.5,0.5,0.5,0.5,0.0,RidgeClassifier,,sparse_cg
143,0,24,0.00159149169921875,0.00048540592640944287,0.000997018814086914,3.504023183989303e-07,10000.0,,42,"{'alpha': 10000.0, 'random_state': 42, 'solver': 'sag'}",0.5,0.5,0.5,0.5,0.5,0.5,0.0,39,0.5,0.5,0.5,0.5,0.5,0.5,0.0,RidgeClassifier,,sag
144,0,24,0.0005984306335449219,0.0004886166205017064,0.0,0.0,10000.0,,42,"{'alpha': 10000.0, 'random_state': 42, 'solver': 'saga'}",0.0,0.0,0.0,0.0,0.0,0.0,0.0,51,0.0,0.0,0.0,0.0,0.0,0.0,0.0,RidgeClassifier,,saga
145,0,24,0.0003989696502685547,0.0004886360853561638,0.0,0.0,100000.0,,42,"{'alpha': 100000.0, 'random_state': 42, 'solver': 'svd'}",0.0,0.0,0.0,0.0,0.0,0.0,0.0,51,0.0,0.0,0.0,0.0,0.0,0.0,0.0,RidgeClassifier,,svd
146,0,24,0.0009974002838134765,1.1680077279964343e-07,0.0,0.0,100000.0,,42,"{'alpha': 100000.0, 'random_state': 42, 'solver': 'cholesky'}",0.0,0.0,0.0,0.0,0.0,0.0,0.0,51,0.0,0.0,0.0,0.0,0.0,0.0,0.0,RidgeClassifier,,cholesky
147,0,24,0.00039887428283691406,0.0004885192380524391,0.0,0.0,100000.0,,42,"{'alpha': 100000.0, 'random_state': 42, 'solver': 'lsqr'}",0.0,0.0,0.0,0.0,0.0,0.0,0.0,51,0.0,0.0,0.0,0.0,0.0,0.0,0.0,RidgeClassifier,,lsqr
148,0,24,0.0017952442169189454,0.00039908889872717533,0.0005984306335449219,0.0004886165972346223,100000.0,,42,"{'alpha': 100000.0, 'random_state': 42, 'solver': 'sparse_cg'}",0.5,0.5,0.5,0.5,0.5,0.5,0.0,39,0.5,0.5,0.5,0.5,0.5,0.5,0.0,RidgeClassifier,,sparse_cg
149,0,24,0.0015955448150634765,0.0004884608318481088,0.000399017333984375,0.0004886944333937081,100000.0,,42,"{'alpha': 100000.0, 'random_state': 42, 'solver': 'sag'}",0.5,0.5,0.5,0.5,0.5,0.5,0.0,39,0.5,0.5,0.5,0.5,0.5,0.5,0.0,RidgeClassifier,,sag
150,0,24,0.0009974002838134765,1.9073486328124998e-07,0.0,0.0,100000.0,,42,"{'alpha': 100000.0, 'random_state': 42, 'solver': 'saga'}",0.0,0.0,0.0,0.0,0.0,0.0,0.0,51,0.0,0.0,0.0,0.0,0.0,0.0,0.0,RidgeClassifier,,saga
151,1,72,0.001994466781616211,1.1680077279964343e-07,0.0005984306335449219,0.000488616573967537,100000.0,,42,"{'alpha': 100000.0, 'random_state': 42, 'solver': 'sag'}",0.5,0.5,0.5,0.5,0.5,0.5,0.0,39,0.5,0.5,0.5,0.5,0.5,0.5,0.0,RidgeClassifier,,sag
152,1,72,0.001994895935058594,4.6231077741778654e-07,0.00039873123168945315,0.0004883441241955847,1000.0,,42,"{'alpha': 1000.0, 'random_state': 42, 'solver': 'sag'}",0.5,0.5,0.5,0.5,0.5,0.5,0.0,39,0.5,0.5,0.5,0.5,0.5,0.5,0.0,RidgeClassifier,,sag
153,1,72,0.001994752883911133,1.1680077279964342e-07,0.0005983352661132812,0.0004885387067869067,1000.0,,42,"{'alpha': 1000.0, 'random_state': 42, 'solver': 'sparse_cg'}",0.5,0.5,0.5,0.5,0.5,0.5,0.0,39,0.5,0.5,0.5,0.5,0.5,0.5,0.0,RidgeClassifier,,sparse_cg
154,1,72,0.0017950057983398438,0.0003989696930112163,0.0007982254028320312,0.00039911301474974807,10000.0,,42,"{'alpha': 10000.0, 'random_state': 42, 'solver': 'sparse_cg'}",0.5,0.5,0.5,0.5,0.5,0.5,0.0,39,0.5,0.5,0.5,0.5,0.5,0.5,0.0,RidgeClassifier,,sparse_cg
155,1,72,0.0019945621490478514,1.2516771042381682e-05,0.0005953788757324218,0.0004861898494738544,10000.0,,42,"{'alpha': 10000.0, 'random_state': 42, 'solver': 'sag'}",0.5,0.5,0.5,0.5,0.5,0.5,0.0,39,0.5,0.5,0.5,0.5,0.5,0.5,0.0,RidgeClassifier,,sag
156,1,72,0.001994800567626953,1.784161275279017e-07,0.000598287582397461,0.0004884997964692403,100000.0,,42,"{'alpha': 100000.0, 'random_state': 42, 'solver': 'sparse_cg'}",0.5,0.5,0.5,0.5,0.5,0.5,0.0,39,0.5,0.5,0.5,0.5,0.5,0.5,0.0,RidgeClassifier,,sparse_cg
157,1,72,0.0019960403442382812,6.668904776400409e-06,0.0005979061126708985,0.00048825015214894744,100.0,,42,"{'alpha': 100.0, 'random_state': 42, 'solver': 'sag'}",0.5625,0.75,0.5,0.6,0.5,0.5825,0.09205976319760985,38,0.6818181818181819,0.6363636363636364,0.5,0.6666666666666666,0.5227272727272727,0.6015151515151516,0.07539306245227109,RidgeClassifier,,sag
158,1,72,0.002397298812866211,0.0004852664484714594,0.0007937908172607422,0.00039699397123898756,100.0,,42,"{'alpha': 100.0, 'random_state': 42, 'solver': 'sparse_cg'}",0.625,0.875,0.5,0.6,0.5,0.62,0.1372953021774598,35,0.7045454545454546,0.7272727272727273,0.5,0.6666666666666666,0.5227272727272727,0.6242424242424243,0.09445119621520424,RidgeClassifier,,sparse_cg
159,1,72,0.0029935359954833983,6.339244702473381e-06,0.0005978584289550781,0.0004882155314565539,10.0,,42,"{'alpha': 10.0, 'random_state': 42, 'solver': 'sparse_cg'}",0.6458333333333334,0.875,0.5,0.5333333333333333,0.8333333333333333,0.6775,0.15269795894728475,23,0.8863636363636364,0.9545454545454546,0.8888888888888888,0.9583333333333333,0.8577922077922078,0.9091847041847043,0.04011756563139936,RidgeClassifier,,sparse_cg
160,1,72,0.0017941951751708984,0.00039880513403006327,0.0008014678955078125,0.0004007933777739295,10.0,,42,"{'alpha': 10.0, 'random_state': 42, 'solver': 'sag'}",0.6458333333333334,0.875,0.5,0.5333333333333333,0.8333333333333333,0.6775,0.15269795894728475,23,0.8863636363636364,0.9545454545454546,0.8611111111111112,0.9583333333333333,0.8577922077922078,0.9036291486291486,0.04425364302693602,RidgeClassifier,,sag
161,1,72,0.0029918670654296873,4.370284743266907e-07,0.0009972095489501954,6.14361702286011e-07,0.0001,,42,"{'alpha': 0.0001, 'random_state': 42, 'solver': 'sparse_cg'}",0.6458333333333334,0.825,0.5,0.5333333333333333,0.8333333333333333,0.6674999999999999,0.14059397805975424,27,1.0,1.0,1.0,1.0,1.0,1.0,0.0,RidgeClassifier,,sparse_cg
162,1,72,0.002590513229370117,0.0004914358243224085,0.0005981922149658203,0.0004884219525686784,0.0001,,42,"{'alpha': 0.0001, 'random_state': 42, 'solver': 'sag'}",0.6458333333333334,0.825,0.5,0.5333333333333333,0.8333333333333333,0.6674999999999999,0.14059397805975424,27,1.0,1.0,1.0,1.0,1.0,1.0,0.0,RidgeClassifier,,sag
163,1,72,0.003198099136352539,0.00039610812505284026,0.0005974292755126954,0.0004878008796660892,0.1,,42,"{'alpha': 0.1, 'random_state': 42, 'solver': 'sparse_cg'}",0.6458333333333334,0.825,0.5,0.5333333333333333,0.8333333333333333,0.6674999999999999,0.14059397805975424,27,1.0,1.0,1.0,1.0,1.0,1.0,0.0,RidgeClassifier,,sparse_cg
164,1,72,0.003191518783569336,0.00039907935560379754,0.0006037712097167969,0.0004930701565109362,0.01,,42,"{'alpha': 0.01, 'random_state': 42, 'solver': 'sparse_cg'}",0.6458333333333334,0.825,0.5,0.5333333333333333,0.8333333333333333,0.6674999999999999,0.14059397805975424,27,1.0,1.0,1.0,1.0,1.0,1.0,0.0,RidgeClassifier,,sparse_cg
165,1,72,0.0022133827209472657,0.00040674759099721026,0.0005989551544189453,0.0004890488341299868,0.01,,42,"{'alpha': 0.01, 'random_state': 42, 'solver': 'sag'}",0.6458333333333334,0.825,0.5,0.5333333333333333,0.8333333333333333,0.6674999999999999,0.14059397805975424,27,1.0,1.0,1.0,1.0,1.0,1.0,0.0,RidgeClassifier,,sag
166,1,72,0.00278620719909668,0.00039379198814622635,0.0005979061126708985,0.0004881903770569265,0.001,,42,"{'alpha': 0.001, 'random_state': 42, 'solver': 'sparse_cg'}",0.6458333333333334,0.825,0.5,0.5333333333333333,0.8333333333333333,0.6674999999999999,0.14059397805975424,27,1.0,1.0,1.0,1.0,1.0,1.0,0.0,RidgeClassifier,,sparse_cg
167,1,72,0.0025909423828125,0.0004868488096895782,0.0005957603454589844,0.0004867104086169634,0.001,,42,"{'alpha': 0.001, 'random_state': 42, 'solver': 'sag'}",0.6458333333333334,0.825,0.5,0.5333333333333333,0.8333333333333333,0.6674999999999999,0.14059397805975424,27,1.0,1.0,1.0,1.0,1.0,1.0,0.0,RidgeClassifier,,sag
168,1,72,0.0023932456970214844,0.000488616573967537,0.0005985260009765625,0.0004886944566570864,0.1,,42,"{'alpha': 0.1, 'random_state': 42, 'solver': 'sag'}",0.6458333333333334,0.875,0.5,0.5333333333333333,0.8333333333333333,0.6775,0.15269795894728475,23,1.0,1.0,1.0,1.0,1.0,1.0,0.0,RidgeClassifier,,sag
169,1,72,0.0019943714141845703,2.611744678045111e-07,0.0006007671356201172,0.0004905436256172878,1.0,,42,"{'alpha': 1.0, 'random_state': 42, 'solver': 'sag'}",0.6458333333333334,0.875,0.5,0.5333333333333333,0.8333333333333333,0.6775,0.15269795894728475,23,1.0,1.0,1.0,1.0,1.0,1.0,0.0,RidgeClassifier,,sag
170,1,72,0.0029917240142822267,2.7804145311571603e-07,0.0001994609832763672,0.00039892196655273444,1.0,,42,"{'alpha': 1.0, 'random_state': 42, 'solver': 'sparse_cg'}",0.6458333333333334,0.825,0.5,0.5333333333333333,0.8333333333333333,0.6674999999999999,0.14059397805975424,27,1.0,1.0,1.0,1.0,1.0,1.0,0.0,RidgeClassifier,,sparse_cg
171,2,216,0.004786443710327148,0.0007462764375828913,0.0006000041961669922,0.000489906812637322,0.0001,,42,"{'alpha': 0.0001, 'random_state': 42, 'solver': 'sag'}",0.7478354978354977,0.8488888888888888,0.766304347826087,0.752463054187192,0.7952488687782806,0.7821481315031893,0.037243909943088745,15,1.0,1.0,1.0,1.0,1.0,1.0,0.0,RidgeClassifier,,sag
172,2,216,0.003989028930664063,9.5367431640625e-08,0.0001994609832763672,0.0003989219665527344,0.0001,,42,"{'alpha': 0.0001, 'random_state': 42, 'solver': 'sparse_cg'}",0.7478354978354977,0.8488888888888888,0.766304347826087,0.752463054187192,0.7952488687782806,0.7821481315031893,0.037243909943088745,15,1.0,1.0,1.0,1.0,1.0,1.0,0.0,RidgeClassifier,,sparse_cg
173,2,216,0.003989076614379883,1.1680077279964342e-07,0.0005984783172607421,0.0004886555075578522,0.1,,42,"{'alpha': 0.1, 'random_state': 42, 'solver': 'sparse_cg'}",0.7478354978354977,0.8488888888888888,0.766304347826087,0.752463054187192,0.7952488687782806,0.7821481315031893,0.037243909943088745,15,1.0,1.0,1.0,1.0,1.0,1.0,0.0,RidgeClassifier,,sparse_cg
174,2,216,0.0029912948608398437,1.9073486328124998e-07,0.0007984161376953125,0.00039920815428192054,1.0,,42,"{'alpha': 1.0, 'random_state': 42, 'solver': 'sag'}",0.7467532467532467,0.8488888888888888,0.766304347826087,0.7697044334975369,0.7952488687782806,0.785379957148808,0.035305533550064876,6,1.0,1.0,1.0,1.0,1.0,1.0,0.0,RidgeClassifier,,sag
175,2,216,0.0029915809631347657,5.56082906231432e-07,0.0005985260009765625,0.0004886944566570864,10.0,,42,"{'alpha': 10.0, 'random_state': 42, 'solver': 'sparse_cg'}",0.7240259740259741,0.8488888888888888,0.766304347826087,0.7881773399014779,0.7658371040723981,0.7786467309429652,0.0408035324641682,19,0.8532738095238095,0.8976539589442817,0.8567787971457694,0.8869339879978178,0.8611417539988969,0.8711564615221151,0.01776428187975055,RidgeClassifier,,sparse_cg
176,2,216,0.004387617111206055,0.0004885192380524391,0.0007982254028320312,0.00039911272990091057,0.1,,42,"{'alpha': 0.1, 'random_state': 42, 'solver': 'sag'}",0.7478354978354977,0.8488888888888888,0.766304347826087,0.752463054187192,0.7952488687782806,0.7821481315031893,0.037243909943088745,15,1.0,1.0,1.0,1.0,1.0,1.0,0.0,RidgeClassifier,,sag
177,2,216,0.0025929927825927733,0.0004885776326209085,0.0003989696502685547,0.0004886360388238481,10.0,,42,"{'alpha': 10.0, 'random_state': 42, 'solver': 'sag'}",0.7467532467532467,0.8211111111111111,0.766304347826087,0.7881773399014779,0.7658371040723981,0.7776366299328641,0.025387279748955566,20,0.8532738095238095,0.8895894428152493,0.8534294451725645,0.8805237315875614,0.8543849972421401,0.866240285268265,0.01563326561075233,RidgeClassifier,,sag
178,3,648,0.004388046264648437,0.0004887528395952576,0.0007979869842529297,0.0003989935313048969,0.1,,42,"{'alpha': 0.1, 'random_state': 42, 'solver': 'sparse_cg'}",0.7561224489795919,0.8430379746835444,0.7824283559577678,0.7993670886075949,0.8535714285714285,0.8069054593599855,0.03665553468143408,3,1.0,1.0,1.0,1.0,1.0,1.0,0.0,RidgeClassifier,,sparse_cg
179,3,648,0.009772539138793945,0.00039931005295217877,0.00039920806884765627,0.0004889280581915708,0.1,,42,"{'alpha': 0.1, 'random_state': 42, 'solver': 'sag'}",0.7561224489795919,0.8430379746835444,0.7824283559577678,0.7993670886075949,0.8535714285714285,0.8069054593599855,0.03665553468143408,3,1.0,1.0,1.0,1.0,1.0,1.0,0.0,RidgeClassifier,,sag
180,3,648,0.006782341003417969,0.0003985551302894019,0.00039854049682617185,0.00048811052269455126,1.0,,42,"{'alpha': 1.0, 'random_state': 42, 'solver': 'sag'}",0.7521683673469388,0.8430379746835444,0.7662141779788839,0.7856962025316456,0.8433673469387756,0.7980968138959577,0.03833752452246247,5,1.0,1.0,1.0,1.0,1.0,1.0,0.0,RidgeClassifier,,sag
